case_id,platelet_count,hematocrit,wbc_count,disease_severity,hospitalized,length_of_stay,icu_admission,education,income_group
D001,126,44.5,8761,Mild,No,0,No,Secondary,Middle
D002,230,38.0,5046,Moderate,No,1,No,University,Middle
D003,194,52.0,5116,Mild,Yes,5,No,Secondary,High
D004,105,44.4,3644,Moderate,No,5,No,University,Middle
D005,151,41.0,5984,Moderate,No,2,No,Primary,Low
D006,263,40.0,7758,Severe,No,1,No,Secondary,Low
D007,59,40.6,2848,Mild,Yes,10,No,Secondary,High
D008,159,36.4,4801,Moderate,No,4,No,Primary,Low
D009,243,40.5,6065,Moderate,No,6,No,Primary,High
D010,137,42.4,7530,Critical,No,11,No,Primary,Low
D011,146,43.9,6689,Moderate,No,9,No,Secondary,High
D012,175,43.9,6586,Moderate,No,13,No,Secondary,Low
D013,255,39.6,5596,Mild,No,7,No,Secondary,High
D014,148,33.9,6867,Severe,No,14,No,Primary,Middle
D015,158,37.7,7826,Mild,No,1,No,Primary,Middle
D016,158,49.1,2924,Moderate,No,6,No,University,High
D017,290,45.5,7311,Severe,No,3,No,Primary,High
D018,289,42.8,5822,Mild,No,13,No,University,Middle
D019,230,37.2,5046,Mild,Yes,11,No,Secondary,Middle
D020,199,41.0,1602,Severe,No,10,Yes,Secondary,Middle
D021,217,34.7,3515,Severe,No,10,No,Secondary,Low
D022,255,38.2,9057,Mild,Yes,6,No,Primary,Low
D023,133,39.8,4761,Mild,No,0,No,Secondary,Low
D024,239,39.2,4047,Mild,Yes,7,No,University,Low
D025,117,45.8,5178,Critical,No,6,No,Secondary,Low
D026,148,33.9,4659,Severe,No,6,No,Secondary,Low
D027,225,36.7,6224,Severe,No,0,No,Secondary,Middle
D028,109,34.1,8731,Moderate,No,12,No,Primary,Low
D029,173,34.8,4944,Mild,Yes,11,No,Secondary,Low
D030,137,41.6,6278,Mild,No,3,No,Secondary,Low
D031,167,33.0,3935,Mild,No,14,No,Primary,Middle
D032,40,44.8,8736,Severe,No,15,No,Primary,Low
D033,91,39.8,6340,Severe,Yes,12,No,Primary,Low
D034,145,41.3,4053,Severe,Yes,5,No,Secondary,Middle
D035,226,42.6,7628,Mild,No,2,No,University,Low
D036,171,38.8,8160,Mild,Yes,8,Yes,Secondary,High
D037,180,46.2,6291,Mild,No,0,No,Secondary,Low
D038,214,40.0,3049,Mild,Yes,10,No,Primary,High
D039,136,44.0,9213,Moderate,No,3,No,Primary,Low
D040,194,40.0,6558,Moderate,Yes,14,Yes,Secondary,Low
D041,140,42.5,8107,Mild,No,8,No,Secondary,Middle
D042,94,42.4,5008,Mild,Yes,11,No,Secondary,High
D043,160,42.2,5282,Moderate,No,12,No,Primary,Low
D044,209,36.1,6199,Mild,No,14,No,Primary,Middle
D045,197,43.2,8004,Mild,Yes,6,No,University,Middle
D046,179,39.4,6257,Mild,Yes,15,No,Secondary,Middle
D047,300,44.2,3738,Mild,Yes,7,No,Secondary,High
D048,201,30.2,6472,Moderate,No,8,No,Primary,Low
D049,229,33.7,8933,Mild,Yes,13,No,University,Low
D050,292,42.8,6118,Severe,No,4,No,Secondary,Middle
D051,115,50.3,6233,Severe,No,3,No,Secondary,Middle
D052,128,45.2,3727,Moderate,Yes,6,No,Secondary,Low
D053,267,37.6,3475,Mild,No,11,No,Primary,Middle
D054,140,32.5,4852,Critical,No,13,No,Primary,Low
D055,181,44.7,5412,Mild,No,5,No,University,Low
D056,233,40.6,6187,Moderate,Yes,12,No,Secondary,Low
D057,225,44.0,6299,Moderate,No,3,No,Primary,Middle
D058,268,41.6,8883,Mild,No,14,No,Primary,High
D059,255,41.1,6106,Mild,Yes,1,No,Secondary,Middle
D060,233,55.8,7916,Critical,No,8,No,Secondary,Low
D061,141,41.0,5929,Mild,Yes,3,No,Secondary,Low
D062,220,40.2,8608,Moderate,No,6,No,Secondary,Middle
D063,196,40.4,2633,Mild,No,10,No,University,Low
D064,114,38.1,4922,Mild,No,2,No,University,Low
D065,251,46.0,7769,Severe,Yes,4,No,University,Low
D066,220,39.2,5691,Mild,No,10,No,Secondary,Middle
D067,182,44.2,7677,Mild,No,7,No,Secondary,High
D068,168,42.4,6693,Mild,No,3,No,Primary,Low
D069,120,47.1,7703,Severe,No,11,Yes,University,Middle
D070,190,43.1,7104,Critical,No,5,No,Primary,Middle
D071,203,34.9,7213,Mild,No,4,No,Secondary,Low
D072,138,34.4,8686,Moderate,No,0,Yes,University,Low
D073,238,48.0,7776,Mild,No,8,No,Primary,Middle
D074,125,38.0,7789,Moderate,Yes,0,No,University,Middle
D075,74,34.4,6037,Mild,No,11,No,University,Low
D076,232,37.7,4953,Severe,No,2,No,Primary,High
D077,160,47.3,4813,Mild,No,15,Yes,Primary,Middle
D078,174,33.9,7352,Severe,Yes,12,No,University,Low
D079,138,36.7,1611,Moderate,Yes,1,No,Primary,Middle
D080,100,37.7,3647,Mild,Yes,5,No,Primary,Middle
D081,243,34.7,4266,Moderate,No,11,No,Secondary,Low
D082,146,35.1,5554,Mild,No,5,No,Primary,Low
D083,263,33.4,1263,Mild,No,5,No,Secondary,Low
D084,220,38.7,8266,Mild,Yes,3,Yes,Secondary,High
D085,164,39.2,7080,Critical,No,5,No,Secondary,Low
D086,126,37.6,9572,Moderate,Yes,4,No,Primary,Middle
D087,143,32.7,7912,Moderate,Yes,2,No,University,Low
D088,119,47.3,7855,Moderate,No,9,No,University,Middle
D089,284,34.4,10051,Moderate,No,2,No,Primary,Middle
D090,188,42.4,4972,Moderate,No,13,No,University,High
D091,238,35.6,3294,Critical,No,5,No,Primary,Middle
D092,117,44.3,5582,Moderate,Yes,1,No,Primary,High
D093,189,45.8,4515,Mild,No,10,No,Secondary,High
D094,239,36.6,5538,Mild,No,8,No,Primary,Low
D095,163,31.4,4110,Mild,Yes,5,No,Primary,Middle
D096,232,44.5,7022,Moderate,Yes,8,No,Secondary,Low
D097,126,50.4,6923,Mild,No,1,No,Primary,Middle
D098,112,43.1,5952,Severe,Yes,3,No,Primary,High
D099,199,41.8,6561,Moderate,No,0,No,Secondary,Low
D100,161,45.1,5744,Mild,No,4,No,Primary,Middle
D101,212,44.8,7354,Critical,No,13,No,Primary,Low
D102,81,36.9,6125,Moderate,Yes,4,No,Secondary,High
D103,216,37.7,5522,Moderate,Yes,10,No,Primary,High
D104,310,44.1,7673,Mild,Yes,8,No,University,Low
D105,179,40.3,8269,Moderate,Yes,11,No,Primary,Middle
D106,182,47.6,8407,Severe,No,2,No,Secondary,Middle
D107,189,37.5,4218,Moderate,No,4,No,Secondary,Low
D108,87,44.8,5038,Critical,No,2,No,Primary,Low
D109,201,42.7,2937,Moderate,No,1,No,Primary,Low
D110,100,40.4,5571,Severe,No,10,No,Primary,Middle
D111,159,46.9,6749,Mild,Yes,7,Yes,Secondary,Low
D112,242,44.4,5761,Moderate,Yes,2,No,Secondary,Low
D113,143,36.0,9476,Moderate,No,3,No,Secondary,Low
D114,205,44.2,5269,Mild,No,0,No,Primary,Low
D115,231,47.9,4041,Severe,No,4,No,Secondary,Low
D116,194,40.3,7023,Moderate,Yes,5,Yes,Secondary,Middle
D117,111,39.8,6270,Mild,Yes,7,No,Secondary,Low
D118,163,37.7,6989,Moderate,Yes,10,No,Secondary,Low
D119,278,40.9,6547,Moderate,Yes,0,No,Primary,High
D120,79,44.4,6439,Mild,No,12,No,University,Low
D121,166,36.9,2180,Mild,Yes,11,No,Primary,Low
D122,152,34.3,4693,Mild,No,2,No,Secondary,Middle
D123,186,39.1,4937,Moderate,No,6,No,Secondary,High
D124,217,34.1,5374,Mild,Yes,13,No,University,Middle
D125,260,43.6,5193,Mild,No,8,No,Secondary,Low
D126,166,38.9,6743,Moderate,No,14,No,Secondary,Low
D127,221,32.2,7082,Moderate,Yes,7,No,Primary,Low
D128,205,39.3,3963,Moderate,Yes,5,No,Secondary,High
D129,204,40.0,7236,Mild,No,6,No,Primary,Low
D130,152,43.2,7054,Moderate,Yes,7,No,Secondary,Low
D131,130,40.3,6838,Moderate,No,7,No,University,Low
D132,125,50.3,3448,Moderate,Yes,2,No,Secondary,Middle
D133,142,38.4,6793,Severe,Yes,1,No,Primary,Low
D134,196,40.7,6149,Mild,No,6,No,Secondary,Low
D135,218,40.5,7730,Mild,No,15,No,Secondary,Low
D136,196,39.6,9212,Moderate,No,0,No,Primary,Middle
D137,153,41.7,8859,Moderate,Yes,5,No,University,Low
D138,270,43.7,6203,Moderate,No,13,No,Secondary,Low
D139,256,47.7,5997,Mild,Yes,2,No,Secondary,Middle
D140,162,33.2,7138,Mild,No,13,Yes,University,High
D141,139,38.4,3993,Mild,Yes,6,No,Primary,High
D142,187,38.8,3389,Mild,Yes,1,No,Secondary,Low
D143,243,45.7,5149,Mild,No,5,Yes,Secondary,Low
D144,197,39.2,8197,Severe,Yes,10,No,Primary,Middle
D145,208,31.5,5404,Mild,No,2,No,Secondary,Middle
D146,169,41.4,8705,Mild,Yes,5,No,Secondary,High
D147,203,40.8,1000,Severe,Yes,10,No,Secondary,Low
D148,257,41.9,3143,Mild,No,12,No,Primary,High
D149,168,35.8,5777,Mild,Yes,6,No,Primary,Low
D150,187,49.6,7599,Mild,No,10,No,Secondary,Middle
D151,193,39.4,5875,Critical,Yes,4,Yes,University,High
D152,194,40.1,5828,Mild,Yes,10,No,University,Low
D153,109,36.5,5781,Moderate,Yes,12,No,Secondary,Middle
D154,86,36.3,2827,Severe,Yes,10,No,University,Middle
D155,129,34.9,8085,Moderate,No,1,No,University,Low
D156,188,39.0,4771,Severe,No,11,No,Secondary,High
D157,208,36.2,7961,Mild,No,11,No,Secondary,Low
D158,153,51.3,5873,Moderate,No,8,No,Primary,Low
D159,249,31.6,7923,Moderate,Yes,15,No,Primary,Low
D160,173,35.4,6618,Moderate,Yes,7,No,Primary,Low
D161,181,39.0,5808,Severe,No,10,No,Primary,Low
D162,170,44.4,6407,Moderate,No,7,No,Primary,Middle
D163,187,38.9,3349,Severe,No,0,No,Secondary,Low
D164,215,44.4,6011,Moderate,No,1,No,Primary,Middle
D165,213,36.1,9089,Moderate,Yes,7,No,Secondary,Low
D166,135,41.3,8355,Moderate,No,4,No,Secondary,Middle
D167,256,49.7,4227,Moderate,No,5,No,Secondary,Middle
D168,125,36.2,6910,Mild,No,2,No,Primary,Low
D169,184,43.1,6446,Moderate,Yes,1,No,Secondary,Low
D170,166,42.0,7471,Mild,No,0,No,University,Middle
D171,128,29.7,6169,Mild,No,7,No,Secondary,Middle
D172,176,38.1,5580,Mild,No,2,Yes,Secondary,Low
D173,143,46.7,8395,Mild,Yes,6,No,Secondary,High
D174,184,41.7,6390,Mild,No,14,No,Primary,High
D175,200,34.9,8260,Critical,No,3,No,Primary,Middle
D176,254,44.5,7754,Mild,No,9,No,Secondary,High
D177,195,38.6,5416,Mild,Yes,10,No,University,Low
D178,149,42.8,5699,Mild,No,13,No,University,Low
D179,160,42.9,9474,Mild,No,13,Yes,Primary,High
D180,187,35.4,6345,Mild,No,9,No,Secondary,Low
D181,185,44.9,4634,Mild,No,10,No,Primary,Middle
D182,253,36.0,3840,Mild,No,8,No,Primary,High
D183,250,34.5,7753,Severe,No,14,No,Secondary,Middle
D184,162,36.6,6289,Moderate,No,14,No,Secondary,High
D185,153,39.3,4574,Mild,No,14,No,Secondary,Middle
D186,52,41.5,7214,Mild,No,10,No,University,High
D187,153,37.1,6288,Moderate,No,3,No,Primary,Low
D188,131,44.7,3011,Moderate,No,9,No,Secondary,High
D189,162,42.3,7060,Moderate,No,8,No,University,Low
D190,200,37.5,8400,Mild,Yes,14,No,Primary,Middle
D191,189,45.4,10608,Mild,No,6,No,Secondary,Low
D192,179,46.8,6063,Severe,No,9,No,University,Middle
D193,190,40.5,6419,Mild,Yes,13,No,Secondary,Middle
D194,174,39.9,8892,Moderate,No,1,No,University,Middle
D195,190,32.1,6304,Moderate,Yes,0,No,Primary,Low
D196,20,39.0,6496,Mild,No,5,No,Secondary,High
D197,167,39.5,4865,Mild,No,4,Yes,Primary,Low
D198,174,42.2,3490,Mild,Yes,2,No,Secondary,Middle
D199,163,40.2,7643,Severe,Yes,5,No,Secondary,Low
D200,169,42.2,3708,Moderate,No,10,No,Secondary,Middle
